{"mean": [[-4.406396856967541], [-0.3444961096452551], [0.11767695393000559], [0.23102626465366902], [-0.0530392180631854], [0.22123425898496413], [-0.6063574009867062], [0.6191874275693022], [0.4724209421890552], [0.023766370657862877], [0.43564277728892054], [0.23387147441154538], [0.5061384666965966], [0.7446555221398818], [0.3729756838513365], [0.35336443662451894], [-0.07878695394965789], [0.49838792099388063], [0.28523180229093825], [0.4238636122036768], [0.6563425092545121], [-0.38682169313552367], [0.348114720162529], [0.20527243998728595], [0.3297435210881586], [0.17456357514989934], [0.21817213249681136], [3.1990544334271798], [0.5152271084752155], [0.1488908682805389], [-0.25423974246072345], [0.5045817507079372], [-0.8694842997969574], [-4.70084662470232], [-1.9090472185477831], [-1.1280642400318817], [0.18310140348610068], [0.24028381965961398], [0.31951386401363724], [0.3350712872603979], [-0.03750698065666104], [-0.7534663703656647], [-0.014482121735835305], [0.08122945843568641], [0.40718568415000833], [0.510619543352279], [0.61387399541569], [0.3060588433129104], [0.5473420149141102], [0.022214176609138457], [0.31445629364188954], [-1.5689294605473687], [0.26933634055109407], [0.34732040106096246], [-0.09006555118557627], [0.44755237443083423], [2.044595169167963], [0.3682763892569384], [-0.022193759517998433], [0.26939013001500617], [-0.8803735760634579], [0.06865512495066502], [-1.3028694157108247], [-0.12801569313019742]], "std": [[141.24144904468207], [175.44821658174564], [128.032776229213], [119.94551129329324], [122.51165857906135], [133.8548851703988], [167.36849081391588], [141.7546430966609], [114.11697980522847], [101.63413087036555], [108.21223790737294], [100.06644051980918], [106.282541457884], [113.4847001555797], [159.19442425451615], [135.94464625956144], [110.1473256553297], [108.25994521253388], [106.00691026983141], [123.29775897600429], [118.57064752118278], [135.3410526366188], [140.31238084995374], [188.6958530648827], [146.9517549212059], [133.3030808746654], [182.5153972066046], [153.23878532417072], [140.37917233947792], [138.3926466539317], [130.73533670547408], [126.93566039231409], [121.34184055156457], [131.14960180678435], [164.744743293543], [122.7112708767781], [117.3755177897501], [125.0057666818904], [120.46643393399535], [124.28096785202493], [144.91601321488105], [177.7236744832751], [151.98467170734347], [157.50729816505068], [128.95571304605232], [112.70760013102135], [121.04684838426624], [114.09693527453868], [153.58771997840068], [101.61242471574872], [141.874015058941], [147.61392209405327], [177.25496268330477], [112.25188212903173], [109.59211357374217], [103.95249628008581], [146.8163248725989], [118.15883870000152], [126.60676004986048], [202.40073116685616], [150.50964911163555], [154.60683621551766], [165.03710041348606], [153.11351412147928]]}