{"mean": [[-4.656277191388328], [-3.7593414350475602], [0.7778117060301867], [1.314884450532547], [0.5174599042483502], [-8.672680532236548], [-1.7990960659673827], [1.8881647656407607], [1.3832226612483305], [0.599308543577953], [1.9496051478764505], [1.9017146724964258], [2.96584820011375], [2.194771931125757], [2.8239334383473813], [14.760861137080292], [1.4770671159440845], [2.005369898986778], [1.9539898307697574], [1.7172466614441295], [-12.681656359630713], [1.8328649326201862], [1.625612597746491], [2.204105465114719], [-49.230241287045416], [2.1225246986468274], [-3.049291745270245], [-2.952239081100907], [1.736184653038613], [4.312344607606247], [2.086131075715507], [1.8529345230578447], [-10.122076210788228], [-3.6739970593330287], [-2.569900468628833], [0.24427449794852515], [1.3682656456798328], [1.663245250074189], [1.5762743620625008], [1.3698497789142998], [1.2135716078120675], [-0.03860825659218815], [2.188163902125954], [1.0193357012182793], [1.542763297663], [1.862847244506148], [1.9547464903651515], [1.9183321517800094], [2.019719331920824], [1.3913426183726387], [1.4230117017663564], [1.7132956533949213], [3.354891965330971], [0.952402654303403], [1.8217437513269037], [1.8755978990662985], [2.3532339450014668], [1.9881663741974795], [1.598101280533379], [-1.0021276147886542], [2.253419129221229], [1.8408085838696613], [1.7229235652415382], [1.9732423051116554]], "std": [[167.6344586835089], [201.66488866856704], [141.8313822052524], [138.5224229134635], [154.0580591495941], [263.08624339854236], [202.86968432410333], [177.7912084754271], [137.98192969628332], [127.89965791266896], [127.83007963282654], [113.73623556793338], [140.66360840364752], [130.35385247647517], [184.59149820120604], [637.1922870875796], [135.37865785571466], [139.43338328311853], [120.63438762138055], [145.67924469927453], [260.4380534842882], [147.90630914592873], [163.82724924188273], [196.5541296232552], [466.4157887256533], [154.95742936337268], [195.038950672392], [227.12474624404655], [173.04660759033646], [188.76877982501767], [137.26185272434432], [128.94098443681455], [141.98039772801224], [165.95420996882694], [197.74991911454612], [141.58675495952562], [134.10217488840573], [143.25181208375474], [138.90786985519054], [146.7828006633676], [163.22703055358357], [198.54359960494557], [177.37913963498997], [146.93949474076584], [144.98219377582834], [133.91997784871728], [138.99548321404757], [125.84113948581557], [130.8087985561003], [123.76979196752731], [140.20023387788785], [169.81957298054493], [347.31649851886846], [135.3950716955568], [127.29819515046613], [121.9653848163439], [136.77435590037047], [136.5247299722646], [149.16411707522164], [195.53641114715313], [187.7746425178263], [185.37755577280632], [178.95932333700773], [187.55037192383296]]}