{"mean": [[-4.656239924750985], [-3.7645625824809774], [0.7746717417161303], [1.310519729117292], [0.5115355148245387], [-8.66583556102387], [-1.8055732138468403], [1.8769338623247391], [1.3759097093120438], [0.5957141185030553], [1.9465118088984086], [1.8982471345172762], [2.9593136805114413], [2.1933074596082145], [2.8138746048186674], [14.73786038287916], [1.4746924560111223], [2.002870192552876], [1.9516363066655962], [1.7149568925140573], [-12.662172940434811], [1.8297185939836855], [1.6216568370397704], [2.198490709806386], [-49.156849511922715], [2.119588449600276], [-3.042592619163616], [-2.9429404648169237], [1.7377466842824447], [4.3075144334327184], [2.08414663048616], [1.8529206730446568], [-10.108765778483738], [-3.6669169784113564], [-2.563012077263127], [0.24398892523237087], [1.3644410936927753], [1.6605150705013798], [1.5766800185549572], [1.3635222865115604], [1.2134072363895603], [-0.028174606291807264], [2.195705234221125], [1.0208646847385114], [1.5449307505717218], [1.8625628057687662], [1.950601744338356], [1.9187056947693595], [2.015982268105549], [1.3910121259292092], [1.4242956316257809], [1.7133938854029906], [3.3517503802818718], [0.9484968566863614], [1.8204400910406944], [1.8731214436318016], [2.352844182200108], [1.983806928304314], [1.5974862718592047], [-0.9984470284907241], [2.255639837294874], [1.8416820760792776], [1.7183918447800701], [1.9674753124182438]], "std": [[167.53059564119135], [201.54729908111727], [141.74839726731835], [138.43842424770946], [153.96198397050676], [262.9090512103745], [202.75486935115563], [177.71790737350463], [137.9189079248869], [127.82937036837801], [127.78479864288424], [113.66738473748633], [140.5748485312065], [130.30975531127297], [184.54942992528967], [636.7229207007344], [135.3198246399172], [139.34759210515523], [120.56413743687342], [145.59796224903988], [260.25853352921257], [147.8179844547008], [163.7319719402492], [196.47374936635472], [466.0810772195139], [154.86772359937856], [194.9172337292652], [226.97465587695058], [172.9525320004785], [188.66118865903337], [137.18922508044716], [128.87108897628448], [141.89688706666297], [165.84666901724594], [197.64106307697386], [141.52402380829375], [134.0205393429853], [143.1696347142143], [138.85214116813265], [146.7144179353928], [163.13844535436868], [198.4909306877412], [177.31500105954896], [146.85916602225507], [144.9077189657605], [133.85552376391115], [138.92113881894448], [125.77095064491066], [130.73113346059125], [123.6964569548491], [140.1335090111481], [169.77146815025466], [347.07919850570056], [135.34049512366374], [127.23444609559144], [121.89657254872385], [136.70305666360233], [136.45664418883874], [149.075178776059], [195.43443599802194], [187.66847761155205], [185.28802614985014], [178.86325569489318], [187.4512845384472]]}